#SampleID	BarcodeSequence	LinkerPrimerSequence	Project	Site	Soil_sample	Replication	Treatment	ReversePrimer	Tillage	Maize_development_stage	Plot_number	Description	Testing
CAVRh.59.1	TAAGGCGATAGATCGC	GACTACHVGGGTATCTAATCC	Rhizosphere	CIMMYTTexcoco	Rhizosphere	1	AC	GACTACHVGGGTATCTAATCC	NoTill	Vegetative	59	1	Test  
CAVBS.59.1	TAAGGCGACTCTCTAT	GACTACHVGGGTATCTAATCC	Rhizosphere	CIMMYTTexcoco	bulksoil	1	AC	GACTACHVGGGTATCTAATCC	NoTill	Vegetative	59	2	Train
CAVRh.59.2	TAAGGCGATATCCTCT	GACTACHVGGGTATCTAATCC	Rhizosphere	CIMMYTTexcoco	Rhizosphere	2	AC	GACTACHVGGGTATCTAATCC	NoTill	Vegetative	59	3	Train
CAVBS.59.2	TAAGGCGAAGAGTAGA	GACTACHVGGGTATCTAATCC	Rhizosphere	CIMMYTTexcoco	bulksoil	2	AC	GACTACHVGGGTATCTAATCC	NoTill	Vegetative	59	4	Train
CAVRh.59.3	TAAGGCGAGTAAGGAG	GACTACHVGGGTATCTAATCC	Rhizosphere	CIMMYTTexcoco	Rhizosphere	3	AC	GACTACHVGGGTATCTAATCC	NoTill	Vegetative	59	5	Train
CAVBS.59.3	TAAGGCGAACTGCATA	GACTACHVGGGTATCTAATCC	Rhizosphere	CIMMYTTexcoco	bulksoil	3	AC	GACTACHVGGGTATCTAATCC	NoTill	Vegetative	59	6	Test  
CAVRh.18.1	TAAGGCGAAAGGAGTA	GACTACHVGGGTATCTAATCC	Rhizosphere	CIMMYTTexcoco	Rhizosphere	1	AC	GACTACHVGGGTATCTAATCC	NoTill	Vegetative	18	7	Train
CAVBS.18.1	TAAGGCGACTAAGCCT	GACTACHVGGGTATCTAATCC	Rhizosphere	CIMMYTTexcoco	bulksoil	1	AC	GACTACHVGGGTATCTAATCC	NoTill	Vegetative	18	8	Train
CAVRh.18.2	CGTACTAGTAGATCGC	GACTACHVGGGTATCTAATCC	Rhizosphere	CIMMYTTexcoco	Rhizosphere	2	AC	GACTACHVGGGTATCTAATCC	NoTill	Vegetative	18	9	Train
CAVBS.18.2	CGTACTAGCTCTCTAT	GACTACHVGGGTATCTAATCC	Rhizosphere	CIMMYTTexcoco	bulksoil	2	AC	GACTACHVGGGTATCTAATCC	NoTill	Vegetative	18	10	Train
CAVRh.18.3	CGTACTAGTATCCTCT	GACTACHVGGGTATCTAATCC	Rhizosphere	CIMMYTTexcoco	Rhizosphere	3	AC	GACTACHVGGGTATCTAATCC	NoTill	Vegetative	18	11	Test  
CAVBS.18.3	CGTACTAGAGAGTAGA	GACTACHVGGGTATCTAATCC	Rhizosphere	CIMMYTTexcoco	bulksoil	3	AC	GACTACHVGGGTATCTAATCC	NoTill	Vegetative	18	12	Train
CPVRh.51.1	CGTACTAGGTAAGGAG	GACTACHVGGGTATCTAATCC	Rhizosphere	CIMMYTTexcoco	Rhizosphere	1	AT	GACTACHVGGGTATCTAATCC	Till	Vegetative	51	13	Train
CPVBS.51.1	CGTACTAGACTGCATA	GACTACHVGGGTATCTAATCC	Rhizosphere	CIMMYTTexcoco	bulksoil	1	AT	GACTACHVGGGTATCTAATCC	Till	Vegetative	51	14	Train
CPVRh.51.2	CGTACTAGAAGGAGTA	GACTACHVGGGTATCTAATCC	Rhizosphere	CIMMYTTexcoco	Rhizosphere	2	AT	GACTACHVGGGTATCTAATCC	Till	Vegetative	51	15	Train
CPVBS.51.2	CGTACTAGCTAAGCCT	GACTACHVGGGTATCTAATCC	Rhizosphere	CIMMYTTexcoco	bulksoil	2	AT	GACTACHVGGGTATCTAATCC	Till	Vegetative	51	16	Train
CPVRh.51.3	AGGCAGAATAGATCGC	GACTACHVGGGTATCTAATCC	Rhizosphere	CIMMYTTexcoco	Rhizosphere	3	AT	GACTACHVGGGTATCTAATCC	Till	Vegetative	51	17	Test  
CPVBS.51.3	AGGCAGAACTCTCTAT	GACTACHVGGGTATCTAATCC	Rhizosphere	CIMMYTTexcoco	bulksoil	3	AT	GACTACHVGGGTATCTAATCC	Till	Vegetative	51	18	Train
CPVRh.29.1	AGGCAGAATATCCTCT	GACTACHVGGGTATCTAATCC	Rhizosphere	CIMMYTTexcoco	Rhizosphere	1	AT	GACTACHVGGGTATCTAATCC	Till	Vegetative	29	19	Train
CPVBS.29.1	AGGCAGAAAGAGTAGA	GACTACHVGGGTATCTAATCC	Rhizosphere	CIMMYTTexcoco	bulksoil	1	AT	GACTACHVGGGTATCTAATCC	Till	Vegetative	29	20	Train
CPVRh.29.2	AGGCAGAAGTAAGGAG	GACTACHVGGGTATCTAATCC	Rhizosphere	CIMMYTTexcoco	Rhizosphere	2	AT	GACTACHVGGGTATCTAATCC	Till	Vegetative	29	21	Train
CPVBS.29.2	AGGCAGAAACTGCATA	GACTACHVGGGTATCTAATCC	Rhizosphere	CIMMYTTexcoco	bulksoil	2	AT	GACTACHVGGGTATCTAATCC	Till	Vegetative	29	22	Test  
CPVRh.29.3	AGGCAGAAAAGGAGTA	GACTACHVGGGTATCTAATCC	Rhizosphere	CIMMYTTexcoco	Rhizosphere	3	AT	GACTACHVGGGTATCTAATCC	Till	Vegetative	29	23	Train
CPVBS.29.3	AGGCAGAACTAAGCCT	GACTACHVGGGTATCTAATCC	Rhizosphere	CIMMYTTexcoco	bulksoil	3	AT	GACTACHVGGGTATCTAATCC	Till	Vegetative	29	24	Train
CAFRh.59.1	TCCTGAGCTAGATCGC	GACTACHVGGGTATCTAATCC	Rhizosphere	CIMMYTTexcoco	Rhizosphere	1	AC	GACTACHVGGGTATCTAATCC	NoTill	Flowering	59	25	Train
CAFBS.59.1	TCCTGAGCCTCTCTAT	GACTACHVGGGTATCTAATCC	Rhizosphere	CIMMYTTexcoco	bulksoil	1	AC	GACTACHVGGGTATCTAATCC	NoTill	Flowering	59	26	Train
CAFRh.59.2	TCCTGAGCTATCCTCT	GACTACHVGGGTATCTAATCC	Rhizosphere	CIMMYTTexcoco	Rhizosphere	2	AC	GACTACHVGGGTATCTAATCC	NoTill	Flowering	59	27	Train
CAFBS.59.2	TCCTGAGCAGAGTAGA	GACTACHVGGGTATCTAATCC	Rhizosphere	CIMMYTTexcoco	bulksoil	2	AC	GACTACHVGGGTATCTAATCC	NoTill	Flowering	59	28	Test  
CAFRh.59.3	TCCTGAGCGTAAGGAG	GACTACHVGGGTATCTAATCC	Rhizosphere	CIMMYTTexcoco	Rhizosphere	3	AC	GACTACHVGGGTATCTAATCC	NoTill	Flowering	59	29	Train
CAFBS.59.3	TCCTGAGCACTGCATA	GACTACHVGGGTATCTAATCC	Rhizosphere	CIMMYTTexcoco	bulksoil	3	AC	GACTACHVGGGTATCTAATCC	NoTill	Flowering	59	30	Train
CAFRh.18.1	TCCTGAGCAAGGAGTA	GACTACHVGGGTATCTAATCC	Rhizosphere	CIMMYTTexcoco	Rhizosphere	1	AC	GACTACHVGGGTATCTAATCC	NoTill	Flowering	18	31	Train
CAFBS.18.1	TCCTGAGCCTAAGCCT	GACTACHVGGGTATCTAATCC	Rhizosphere	CIMMYTTexcoco	bulksoil	1	AC	GACTACHVGGGTATCTAATCC	NoTill	Flowering	18	32	Train
CAFRh.18.2	GGACTCCTTAGATCGC	GACTACHVGGGTATCTAATCC	Rhizosphere	CIMMYTTexcoco	Rhizosphere	2	AC	GACTACHVGGGTATCTAATCC	NoTill	Flowering	18	33	Train
CAFBS.18.2	GGACTCCTCTCTCTAT	GACTACHVGGGTATCTAATCC	Rhizosphere	CIMMYTTexcoco	bulksoil	2	AC	GACTACHVGGGTATCTAATCC	NoTill	Flowering	18	34	Train
CAFRh.18.3	GGACTCCTTATCCTCT	GACTACHVGGGTATCTAATCC	Rhizosphere	CIMMYTTexcoco	Rhizosphere	3	AC	GACTACHVGGGTATCTAATCC	NoTill	Flowering	18	35	Train
CAFBS.18.3	GGACTCCTAGAGTAGA	GACTACHVGGGTATCTAATCC	Rhizosphere	CIMMYTTexcoco	bulksoil	3	AC	GACTACHVGGGTATCTAATCC	NoTill	Flowering	18	36	Train
CPFRh.51.1	GGACTCCTGTAAGGAG	GACTACHVGGGTATCTAATCC	Rhizosphere	CIMMYTTexcoco	Rhizosphere	1	AT	GACTACHVGGGTATCTAATCC	Till	Flowering	51	37	Train
CPFBS.51.1	GGACTCCTACTGCATA	GACTACHVGGGTATCTAATCC	Rhizosphere	CIMMYTTexcoco	bulksoil	1	AT	GACTACHVGGGTATCTAATCC	Till	Flowering	51	38	Train
CPFRh.51.2	GGACTCCTAAGGAGTA	GACTACHVGGGTATCTAATCC	Rhizosphere	CIMMYTTexcoco	Rhizosphere	2	AT	GACTACHVGGGTATCTAATCC	Till	Flowering	51	39	Train
CPFBS.51.2	GGACTCCTCTAAGCCT	GACTACHVGGGTATCTAATCC	Rhizosphere	CIMMYTTexcoco	bulksoil	2	AT	GACTACHVGGGTATCTAATCC	Till	Flowering	51	40	Train
CPFRh.51.3	TAGGCATGTAGATCGC	GACTACHVGGGTATCTAATCC	Rhizosphere	CIMMYTTexcoco	Rhizosphere	3	AT	GACTACHVGGGTATCTAATCC	Till	Flowering	51	41	Train
CPFBS.51.3	TAGGCATGCTCTCTAT	GACTACHVGGGTATCTAATCC	Rhizosphere	CIMMYTTexcoco	bulksoil	3	AT	GACTACHVGGGTATCTAATCC	Till	Flowering	51	42	Train
CPFRh.29.1	TAGGCATGTATCCTCT	GACTACHVGGGTATCTAATCC	Rhizosphere	CIMMYTTexcoco	Rhizosphere	1	AT	GACTACHVGGGTATCTAATCC	Till	Flowering	29	43	Train
CPFBS.29.1	TAGGCATGAGAGTAGA	GACTACHVGGGTATCTAATCC	Rhizosphere	CIMMYTTexcoco	bulksoil	1	AT	GACTACHVGGGTATCTAATCC	Till	Flowering	29	44	Test  
CPFRh.29.2	TAGGCATGGTAAGGAG	GACTACHVGGGTATCTAATCC	Rhizosphere	CIMMYTTexcoco	Rhizosphere	2	AT	GACTACHVGGGTATCTAATCC	Till	Flowering	29	45	Train
CPFBS.29.2	TAGGCATGACTGCATA	GACTACHVGGGTATCTAATCC	Rhizosphere	CIMMYTTexcoco	bulksoil	2	AT	GACTACHVGGGTATCTAATCC	Till	Flowering	29	46	Train
CPFRh.29.3	TAGGCATGAAGGAGTA	GACTACHVGGGTATCTAATCC	Rhizosphere	CIMMYTTexcoco	Rhizosphere	3	AT	GACTACHVGGGTATCTAATCC	Till	Flowering	29	47	Train
CPFBS.29.3	TAGGCATGCTAAGCCT	GACTACHVGGGTATCTAATCC	Rhizosphere	CIMMYTTexcoco	bulksoil	3	AT	GACTACHVGGGTATCTAATCC	Till	Flowering	29	48	Train
CAGRh.59.1	CTCTCTACTAGATCGC	GACTACHVGGGTATCTAATCC	Rhizosphere	CIMMYTTexcoco	Rhizosphere	1	AC	GACTACHVGGGTATCTAATCC	NoTill	Grainfilling	59	49	Train
CAGBS.59.1	CTCTCTACCTCTCTAT	GACTACHVGGGTATCTAATCC	Rhizosphere	CIMMYTTexcoco	bulksoil	1	AC	GACTACHVGGGTATCTAATCC	NoTill	Grainfilling	59	50	Train
CAGRh.59.2	CTCTCTACTATCCTCT	GACTACHVGGGTATCTAATCC	Rhizosphere	CIMMYTTexcoco	Rhizosphere	2	AC	GACTACHVGGGTATCTAATCC	NoTill	Grainfilling	59	51	Train
CAGBS.59.2	CTCTCTACAGAGTAGA	GACTACHVGGGTATCTAATCC	Rhizosphere	CIMMYTTexcoco	bulksoil	2	AC	GACTACHVGGGTATCTAATCC	NoTill	Grainfilling	59	52	Train
CAGRh.59.3	CTCTCTACGTAAGGAG	GACTACHVGGGTATCTAATCC	Rhizosphere	CIMMYTTexcoco	Rhizosphere	3	AC	GACTACHVGGGTATCTAATCC	NoTill	Grainfilling	59	53	Train
CAGBS.59.3	CTCTCTACACTGCATA	GACTACHVGGGTATCTAATCC	Rhizosphere	CIMMYTTexcoco	bulksoil	3	AC	GACTACHVGGGTATCTAATCC	NoTill	Grainfilling	59	54	Train
CAGRh.18.1	CTCTCTACAAGGAGTA	GACTACHVGGGTATCTAATCC	Rhizosphere	CIMMYTTexcoco	Rhizosphere	1	AC	GACTACHVGGGTATCTAATCC	NoTill	Grainfilling	18	55	Train
CAGBS.18.1	CTCTCTACCTAAGCCT	GACTACHVGGGTATCTAATCC	Rhizosphere	CIMMYTTexcoco	bulksoil	1	AC	GACTACHVGGGTATCTAATCC	NoTill	Grainfilling	18	56	Train
CAGRh.18.2	CAGAGAGGTAGATCGC	GACTACHVGGGTATCTAATCC	Rhizosphere	CIMMYTTexcoco	Rhizosphere	2	AC	GACTACHVGGGTATCTAATCC	NoTill	Grainfilling	18	57	Train
CAGBS.18.2	CAGAGAGGCTCTCTAT	GACTACHVGGGTATCTAATCC	Rhizosphere	CIMMYTTexcoco	bulksoil	2	AC	GACTACHVGGGTATCTAATCC	NoTill	Grainfilling	18	58	Train
CAGRh.18.3	CAGAGAGGTATCCTCT	GACTACHVGGGTATCTAATCC	Rhizosphere	CIMMYTTexcoco	Rhizosphere	3	AC	GACTACHVGGGTATCTAATCC	NoTill	Grainfilling	18	59	Train
CAGBS.18.3	CAGAGAGGAGAGTAGA	GACTACHVGGGTATCTAATCC	Rhizosphere	CIMMYTTexcoco	bulksoil	3	AC	GACTACHVGGGTATCTAATCC	NoTill	Grainfilling	18	60	Train
CPGRh.51.1	CAGAGAGGGTAAGGAG	GACTACHVGGGTATCTAATCC	Rhizosphere	CIMMYTTexcoco	Rhizosphere	1	AT	GACTACHVGGGTATCTAATCC	Till	Grainfilling	51	61	Train
CPGBS.51.1	CAGAGAGGACTGCATA	GACTACHVGGGTATCTAATCC	Rhizosphere	CIMMYTTexcoco	bulksoil	1	AT	GACTACHVGGGTATCTAATCC	Till	Grainfilling	51	62	Train
CPGRh.51.2	CAGAGAGGAAGGAGTA	GACTACHVGGGTATCTAATCC	Rhizosphere	CIMMYTTexcoco	Rhizosphere	2	AT	GACTACHVGGGTATCTAATCC	Till	Grainfilling	51	63	Train
CPGBS.51.2	CAGAGAGGCTAAGCCT	GACTACHVGGGTATCTAATCC	Rhizosphere	CIMMYTTexcoco	bulksoil	2	AT	GACTACHVGGGTATCTAATCC	Till	Grainfilling	51	64	Train
CPGRh.51.3	GCTACGCTTAGATCGC	GACTACHVGGGTATCTAATCC	Rhizosphere	CIMMYTTexcoco	Rhizosphere	3	AT	GACTACHVGGGTATCTAATCC	Till	Grainfilling	51	65	Train
CPGBS.51.3	GCTACGCTCTCTCTAT	GACTACHVGGGTATCTAATCC	Rhizosphere	CIMMYTTexcoco	bulksoil	3	AT	GACTACHVGGGTATCTAATCC	Till	Grainfilling	51	66	Train
CPGRh.29.1	GCTACGCTTATCCTCT	GACTACHVGGGTATCTAATCC	Rhizosphere	CIMMYTTexcoco	Rhizosphere	1	AT	GACTACHVGGGTATCTAATCC	Till	Grainfilling	29	67	Train
CPGBS.29.1	GCTACGCTAGAGTAGA	GACTACHVGGGTATCTAATCC	Rhizosphere	CIMMYTTexcoco	bulksoil	1	AT	GACTACHVGGGTATCTAATCC	Till	Grainfilling	29	68	Train
CPGRh.29.2	GCTACGCTGTAAGGAG	GACTACHVGGGTATCTAATCC	Rhizosphere	CIMMYTTexcoco	Rhizosphere	2	AT	GACTACHVGGGTATCTAATCC	Till	Grainfilling	29	69	Train
CPGBS.29.2	GCTACGCTACTGCATA	GACTACHVGGGTATCTAATCC	Rhizosphere	CIMMYTTexcoco	bulksoil	2	AT	GACTACHVGGGTATCTAATCC	Till	Grainfilling	29	70	Train
CPGRh.29.3	GCTACGCTAAGGAGTA	GACTACHVGGGTATCTAATCC	Rhizosphere	CIMMYTTexcoco	Rhizosphere	3	AT	GACTACHVGGGTATCTAATCC	Till	Grainfilling	29	71	Train
CPGBS.29.3	GCTACGCTCTAAGCCT	GACTACHVGGGTATCTAATCC	Rhizosphere	CIMMYTTexcoco	bulksoil	3	AT	GACTACHVGGGTATCTAATCC	Till	Grainfilling	29	72	Train
